Keyword Text,Competition,Competition Index,Search Volume,Low Top Page Bid,High Top Page Bid
senior home near me,LOW,28,40500,3.12,11.03
seniors assisted living,LOW,20,27100,4.45,15.86
senior home care,LOW,12,18100,3.45,10.73
elder care,LOW,25,12100,3.29,10.34
elderly care,LOW,28,12100,3.32,10.0
senior care near me,MEDIUM,44,12100,3.94,13.14
elderly care home,LOW,19,9900,3.47,10.24
assistance for seniors living at home,MEDIUM,56,9900,2.64,9.27
home help for seniors,MEDIUM,49,8100,2.79,8.7
home care for elderly in their own homes cost,LOW,31,8100,1.85,5.75
old folk homes,LOW,21,8100,3.06,11.41
senior care service,LOW,8,6600,2.2,8.0
senior residential homes,LOW,32,6600,3.54,10.08
aging care,LOW,5,5400,1.51,9.85
senior in home care services,LOW,24,5400,3.17,10.0
24 hour elderly care costs,MEDIUM,49,4400,1.82,7.23
elderly home,LOW,24,3600,3.43,11.38
senior home care near me,MEDIUM,44,3600,3.73,10.56
old people home,LOW,31,2900,2.87,9.95
elderly caregiver,MEDIUM,36,2900,3.37,9.96
elderly care services at home,MEDIUM,34,2900,3.46,10.4
elderly homes near me,LOW,30,2400,3.77,14.4
elderly care near me,MEDIUM,49,2400,3.92,12.23
senior sitter,MEDIUM,50,2400,2.65,8.01
home care for elderly in their own homes,MEDIUM,38,1900,2.32,8.69
elder services,LOW,20,1900,2.17,9.01
caregivers for seniors,LOW,29,1900,3.58,10.2
elderly care services,LOW,9,1900,3.79,9.96
in home services for seniors,MEDIUM,38,1900,3.4,9.98
elderly help,MEDIUM,42,1900,2.33,8.27
home care for seniors medicare,MEDIUM,45,1900,1.55,5.74
senior day care,LOW,23,1600,1.35,6.09
elderly assistance,MEDIUM,52,1600,2.58,8.82
cost of in home care for elderly,MEDIUM,43,1600,1.72,5.76
sitter for elderly,MEDIUM,56,1600,2.57,8.14
caring for elderly parents,LOW,33,1300,1.89,6.53
elderly services,MEDIUM,40,1300,2.84,10.0
day care for elderly,LOW,23,1300,1.79,7.27
elderly companion,LOW,25,1300,2.12,7.26
senior care living,LOW,28,1300,4.71,15.0
in home assistance for seniors,MEDIUM,42,1300,2.84,8.93
in home nail care for seniors,HIGH,88,1300,0.76,2.79
assisted living senior care,LOW,18,1300,4.56,17.23
seniors companion,LOW,26,1300,1.68,5.54
aging parents,LOW,15,1000,1.37,3.89
taking care of elderly parents,MEDIUM,34,1000,1.83,6.92
elderly home care near me,MEDIUM,34,1000,4.32,14.49
in home health care for seniors,MEDIUM,41,1000,3.4,9.12
in home elder care near me,MEDIUM,49,1000,4.2,11.29
elderly foot care services near me,LOW,33,1000,1.01,5.5
senior residential care,LOW,24,1000,2.87,11.83
senior health care,LOW,24,880,2.87,12.07
old peoples homes near me,LOW,31,880,3.35,13.2
elder care home care,MEDIUM,48,880,2.4,9.97
medicare for elderly care at home,MEDIUM,46,880,1.83,7.55
elderly day care near me,MEDIUM,38,880,1.91,7.76
elderly residential home,LOW,31,880,3.36,12.29
elderly residence,MEDIUM,38,880,3.33,8.28
helper for elderly,LOW,30,880,2.23,7.54
respite care for elderly,MEDIUM,34,720,3.03,12.82
home help for the elderly,MEDIUM,52,720,3.02,9.27
nursing home for elderly,MEDIUM,36,720,3.49,11.11
elder care services near me,MEDIUM,52,720,3.74,10.77
senior caregivers near me,MEDIUM,58,720,3.93,11.23
elderly companion care,LOW,24,720,2.83,8.74
elderly services near me,MEDIUM,53,720,2.6,9.6
elder care assistance,MEDIUM,49,720,3.46,10.75
home assistance for elderly,MEDIUM,56,720,3.46,10.55
in home senior care cost,MEDIUM,40,720,1.71,5.57
senior companion care,MEDIUM,33,720,2.24,8.93
dementia elderly care,MEDIUM,45,720,3.76,14.51
24 hour care at home for elderly,MEDIUM,55,720,3.24,10.74
private sitter for elderly,MEDIUM,57,720,2.05,7.36
senior adult day care,LOW,21,720,1.48,6.47
sitter services for elderly,MEDIUM,53,720,2.76,8.18
sage elderly care,LOW,15,720,0.38,5.38
average cost of home care for elderly,LOW,31,720,1.37,4.83
senior citizen assisted living near me,MEDIUM,46,720,3.98,14.46
trapped caring for elderly parent,LOW,17,590,2.48,7.32
private care for elderly at home,MEDIUM,60,590,2.75,9.25
senior care options,LOW,29,590,3.27,11.68
homes for the elderly,MEDIUM,44,590,3.07,10.5
residential care homes for elderly,MEDIUM,51,590,4.07,13.99
caring for aging parents,MEDIUM,37,590,1.78,7.87
home health care for elderly,LOW,29,590,3.25,8.18
in home caregivers for seniors,MEDIUM,44,590,3.43,11.69
senior companion services,LOW,20,590,2.3,8.29
geriatric care near me,MEDIUM,49,590,2.2,9.52
in home senior caregivers,LOW,28,590,2.51,8.56
care homes for seniors,LOW,15,590,2.55,8.0
elderly parents,LOW,8,480,1.56,3.52
elder live in care,MEDIUM,58,480,2.87,10.0
private home care for seniors,MEDIUM,56,480,3.83,11.95
senior care companies,LOW,20,480,3.76,8.68
elderly care homes near me,MEDIUM,41,480,4.95,21.44
private companion for elderly,MEDIUM,51,480,1.69,7.5
elderly day care cost,LOW,33,480,1.15,4.16
senior care agency,LOW,16,480,3.69,9.75
senior nursing home,LOW,18,480,3.16,11.55
private caregiver for elderly,MEDIUM,58,480,2.59,8.19
help for old people,LOW,27,480,2.11,7.49
private homes for elderly care,MEDIUM,58,480,4.1,16.6
nursing care at home for elderly,MEDIUM,50,480,3.35,9.89
live in senior caregiver,MEDIUM,66,480,3.24,9.77
live in elderly caregiver,MEDIUM,55,480,3.13,8.0
agencies for elderly home care,MEDIUM,37,390,3.38,10.35
eldercare services,MEDIUM,36,390,2.39,8.51
taking care of elderly,MEDIUM,41,390,2.43,7.4
senior care services near me,MEDIUM,49,390,3.98,14.24
senior care homes near me,LOW,30,390,4.98,17.66
senior respite care,LOW,32,390,3.04,12.33
help for elderly parents,MEDIUM,49,390,2.16,7.09
24 hour care for elderly,MEDIUM,53,390,3.22,10.1
senior care provider,LOW,16,390,4.45,12.72
elderly care agency,MEDIUM,39,390,3.87,10.0
at home senior care services,MEDIUM,39,390,3.83,9.76
day care for seniors,MEDIUM,46,390,1.59,6.67
home care for elderly parents,MEDIUM,63,390,3.19,9.71
elderly companion services,LOW,17,390,2.61,7.84
bathing assistance for elderly,HIGH,100,390,1.29,6.48
elderly care companies,MEDIUM,59,390,3.56,11.26
senior home health care,LOW,2,390,2.35,6.66
homeinstead senior care near me,MEDIUM,40,390,1.99,6.85
elderly help services,MEDIUM,54,390,2.91,8.37
senior elder care,LOW,27,390,4.46,14.41
day care for senior citizens,LOW,28,390,1.32,5.63
overnight care for elderly,MEDIUM,61,320,2.75,7.95
taking care of elderly parents at home,MEDIUM,45,320,1.85,6.63
senior home healthcare,LOW,32,320,2.74,10.76
private elderly care,MEDIUM,41,320,2.63,9.63
affordable senior care,LOW,24,320,2.29,9.18
care of older adults,LOW,29,320,2.7,9.05
elderly care options,MEDIUM,37,320,4.52,14.82
senior helpers home care,MEDIUM,48,320,3.1,9.7
long term care for elderly,MEDIUM,40,320,3.76,12.66
elder healthcare,LOW,14,320,2.39,7.71
sunrise senior care,LOW,16,320,1.49,8.61
senior dementia care,LOW,17,320,3.63,16.38
senior care agencies near me,MEDIUM,49,320,4.03,11.75
senior citizen home care,LOW,27,320,3.5,10.08
senior care living near me,MEDIUM,42,320,5.3,19.69
home elderly care near me,MEDIUM,64,320,5.69,19.54
bathing elderly,HIGH,100,320,2.67,8.71
taking care of old people,MEDIUM,42,260,2.73,8.75
residential care homes for elderly near me,MEDIUM,46,260,4.47,13.7
dealing with aging parents,LOW,28,260,0.52,4.23
senior home health care services,LOW,26,260,3.88,10.1
home instead senior care cost,MEDIUM,55,260,1.22,5.0
senior citizen care,LOW,29,260,3.97,11.41
senior home health,LOW,15,260,3.26,9.93
papa senior care,LOW,30,260,2.11,8.28
senior citizen care services,LOW,6,260,3.84,10.0
taking care of your parents,LOW,12,260,1.58,5.43
cost of senior care,MEDIUM,35,260,1.73,6.01
senior care help,MEDIUM,47,260,3.68,10.06
elderly parent refuses help,LOW,13,260,1.22,4.9
elderly care providers,LOW,14,260,4.25,11.92
elderly nursing care,LOW,31,260,3.3,10.2
elderly care costs,MEDIUM,35,260,1.75,6.36
home services for the elderly,LOW,30,260,4.09,11.57
long term senior care,LOW,30,260,3.88,12.21
help with aging parents,MEDIUM,56,260,2.26,7.82
senior personal care,LOW,26,260,4.13,11.0
senior caregiver services,MEDIUM,46,260,3.81,10.31
elder care help,MEDIUM,43,260,3.46,9.89
senior elder care services,MEDIUM,43,260,3.1,8.0
elderly care advocacy,MEDIUM,38,260,1.76,8.78
old people care,MEDIUM,37,210,2.86,8.15
services for elderly living at home,MEDIUM,62,210,2.89,9.99
elderly parent refuses assisted living,LOW,21,210,1.95,8.7
live in senior care,LOW,33,210,3.35,10.84
senior home care services near me,MEDIUM,48,210,4.18,11.64
home foot care for seniors,MEDIUM,56,210,0.87,1.92
elder care home,LOW,27,210,3.55,12.48
senior care assistance,LOW,31,210,3.62,12.94
senior care nursing home,LOW,28,210,3.09,13.66
help at home senior care,LOW,25,210,1.85,8.87
senior care assisted living,LOW,21,210,6.78,17.27
at home senior services,LOW,15,210,2.93,9.63
senior respite care near me,MEDIUM,47,210,3.96,14.15
immigrant elder home care,LOW,21,210,2.3,8.94
elder health,LOW,6,210,1.4,6.36
elderly nursing,LOW,23,210,4.04,12.77
senior home care agencies,LOW,8,210,4.19,9.94
elderly retirement home,MEDIUM,35,210,2.62,10.68
help elderly people,LOW,25,210,2.73,9.77
old people nursing,LOW,17,210,3.02,12.72
elderly care homes,LOW,32,170,5.81,15.17
elderly mental health services,LOW,31,170,1.97,7.59
living with elderly parents,LOW,24,170,1.52,5.84
night sitter for the elderly,MEDIUM,54,170,1.77,6.59
stay at home senior care,LOW,19,170,1.64,6.53
home health services for seniors,MEDIUM,63,170,2.63,7.46
live in companion for elderly,MEDIUM,42,170,1.93,7.5
personal care for elderly,MEDIUM,52,170,3.56,10.16
elderly companion care near me,LOW,20,170,2.7,10.28
taking care of aging parents,LOW,26,170,1.56,6.78
24 hour senior care,MEDIUM,42,170,3.37,10.0
assisted senior care,LOW,5,170,7.88,30.65
helping hands senior care,LOW,30,170,2.13,7.67
elderly in home care near me,MEDIUM,41,170,3.96,11.55
compassionate senior care,LOW,16,170,2.08,8.92
silverleaf eldercare,LOW,3,170,2.59,6.66
senior caretaker,MEDIUM,49,170,3.37,8.85
personal care senior living,LOW,31,170,3.35,9.83
healthcare for elderly,LOW,32,170,3.26,10.17
short term care for elderly,MEDIUM,53,170,3.93,16.8
senior home care assistance,LOW,33,170,2.99,9.14
elderly care agency near me,MEDIUM,38,170,3.45,11.08
overnight senior care,MEDIUM,59,170,3.05,9.8
live in home care for seniors,MEDIUM,51,170,4.05,9.14
elderly home care assistance,MEDIUM,49,170,3.62,11.36
hospice care for elderly,MEDIUM,44,170,2.09,8.4
home care senior care,MEDIUM,36,170,4.43,12.96
senior sitter service,MEDIUM,57,170,3.11,9.3
medicare elderly care,MEDIUM,37,170,1.98,8.55
elderly sitter near me,MEDIUM,55,170,2.97,9.42
residential care homes for seniors,MEDIUM,41,170,4.34,23.14
help for seniors living at home,HIGH,70,170,4.98,9.63
residential elderly care homes,LOW,19,170,,
average cost of in home senior care,MEDIUM,41,170,1.42,3.49
elderly sitting services near me,MEDIUM,58,170,3.08,8.65
help for elderly living at home,MEDIUM,58,140,2.72,10.0
live in help for elderly,MEDIUM,62,140,2.92,10.9
geriatric home health care,LOW,30,140,1.92,7.27
home care for elderly in their own homes near me,MEDIUM,39,140,2.26,6.96
aged care services at home,LOW,18,140,,
incontinence care for the elderly,HIGH,79,140,2.17,7.64
honor senior care,LOW,23,140,2.72,8.45
at home senior care near me,MEDIUM,53,140,4.31,13.45
options for elderly care at home,MEDIUM,48,140,2.83,9.51
geriatric home care,LOW,29,140,3.31,10.0
kupuna care,LOW,9,140,1.32,3.54
geriatric homes,LOW,12,140,2.67,9.81
day care for elderly with dementia,MEDIUM,63,140,2.48,10.18
private senior care,MEDIUM,46,140,3.34,11.03
short term senior care near me,MEDIUM,59,140,4.1,20.56
household help for seniors,HIGH,69,140,2.47,10.0
elderly bathing service,HIGH,90,140,1.98,5.9
senior foot care,LOW,29,140,0.66,3.06
emergency elderly care,MEDIUM,58,140,2.73,10.76
home visits for the elderly,MEDIUM,54,140,3.47,9.37
elder concierge services,LOW,20,140,1.41,4.84
temrowski eldercare,LOW,6,140,1.9,4.36
elderly nail care,HIGH,84,140,0.49,1.91
caregiver for elderly parents,MEDIUM,34,140,1.77,6.56
affordable elder care,LOW,21,140,3.12,15.96
in home senior care services near me,MEDIUM,59,140,4.39,11.19
elderly home health care services,LOW,24,140,3.1,8.15
senior medical care,MEDIUM,43,140,3.6,11.69
elite elderly care,LOW,10,140,2.08,5.44
senior nail care,MEDIUM,46,140,0.45,1.35
old people nursing home,LOW,7,140,3.01,9.85
assisted living for older adults,LOW,28,140,4.88,12.95
caring for the old,LOW,16,140,2.94,9.56
help with bathing for elderly,HIGH,100,140,1.14,6.21
taking care of the elderly in your home,MEDIUM,45,110,2.09,6.19
carer for elderly,LOW,9,110,2.32,8.85
eldercare nursing home,MEDIUM,37,110,3.41,13.36
elderly needs,LOW,16,110,0.51,3.05
health care for elderly,LOW,29,110,3.21,8.43
non medical senior care,LOW,9,110,1.77,6.4
helping the elderly in their homes,MEDIUM,51,110,2.43,9.03
senior care at home services,LOW,22,110,2.48,10.0
elderhealth and living,LOW,3,110,2.62,5.45
elderly companion near me,LOW,5,110,2.24,8.15
taking care of old parents,LOW,21,110,1.62,6.08
home care for elderly near me,MEDIUM,62,110,3.86,11.91
find senior care,LOW,12,110,3.6,12.02
synergy senior care,LOW,10,110,2.34,7.51
cost of respite care for elderly,MEDIUM,51,110,2.41,9.54
all inclusive care for the elderly,LOW,15,110,1.63,8.9
senior in home care services near me,MEDIUM,35,110,4.03,14.54
all inclusive care,LOW,3,110,1.27,5.17
alexa elderly care,MEDIUM,37,110,3.06,150.41
options for senior care,MEDIUM,37,110,3.86,13.08
medical care of the elderly,LOW,27,110,3.03,10.0
senior care inc,LOW,12,110,1.22,6.49
medicare senior care,MEDIUM,42,110,2.12,12.02
short term senior care,MEDIUM,47,110,3.69,11.1
caring for older parents,LOW,30,110,0.9,4.96
seventh generation eldercare,LOW,2,110,0.31,1.14
home helpers for seniors,MEDIUM,60,110,3.25,9.2
papa elder care,LOW,28,110,3.04,9.7
residential care for the elderly,MEDIUM,46,110,4.0,15.27
seniors caring for seniors,MEDIUM,41,110,2.61,8.45
medicare senior living,MEDIUM,49,110,1.82,8.1
elderly home monitoring,HIGH,100,110,3.06,10.5
old people day care,LOW,17,110,1.16,5.16
american elder care,LOW,21,110,2.62,8.0
luxury elderly care homes,MEDIUM,50,110,2.44,5.82
day care services for elderly,LOW,26,110,1.61,7.12
medical assistance for seniors,LOW,20,110,0.97,7.01
old age care,LOW,25,90,2.91,7.88
home attendant for elderly,MEDIUM,44,90,3.63,9.94
dealing with elderly parents,LOW,22,90,1.48,3.75
elderly parent needs 24 hour care,MEDIUM,55,90,2.47,7.21
uber for elderly care,MEDIUM,53,90,1.61,4.32
coping with aging parents,MEDIUM,48,90,1.73,3.3
elderly health care services,MEDIUM,40,90,2.48,8.42
palliative care for elderly,MEDIUM,34,90,1.04,5.94
private elderly care near me,LOW,21,90,3.26,12.52
overnight care for elderly near me,MEDIUM,59,90,2.59,8.05
elderly care assistance near me,LOW,7,90,3.52,10.91
elder care home health,LOW,28,90,2.58,7.5
home health aide for elderly,MEDIUM,62,90,3.03,8.75
senior caregiving,LOW,24,90,3.95,12.57
actell elderly care inc,LOW,10,90,1.5,6.21
assisted care for seniors,MEDIUM,34,90,1.77,7.88
senior home health care near me,MEDIUM,42,90,3.32,10.11
caring for the aged,LOW,15,90,2.63,9.57
valley eldercare,LOW,20,90,1.48,10.39
elder care consultants near me,MEDIUM,54,90,2.89,12.88
help with elderly care at home,MEDIUM,50,90,3.3,9.2
best senior care,LOW,14,90,4.57,12.83
health care for senior citizens,MEDIUM,57,90,3.39,12.21
senior citizen nursing home,LOW,33,90,2.99,9.45
quality elderly care,LOW,16,90,0.93,6.62
senior care at home near me,MEDIUM,55,90,4.51,14.84
eldercare medicare,MEDIUM,52,90,2.12,9.38
private home care for elderly near me,MEDIUM,62,90,2.64,8.73
elder assistance near me,MEDIUM,56,90,2.91,9.5
elder home care services near me,MEDIUM,51,90,3.93,12.05
richmond elder care,LOW,4,90,1.71,7.56
in home services for elderly,MEDIUM,53,90,3.53,8.78
finding in home care for elderly,MEDIUM,40,90,4.87,10.05
live in care costs for elderly,MEDIUM,51,90,1.93,6.58
glendoveer elderplace,LOW,2,90,,
senior adult care,LOW,28,90,3.37,10.01
stay at home care for elderly,MEDIUM,54,90,2.62,9.2
homes for elderly with dementia,MEDIUM,65,90,4.43,15.04
home help services for the elderly,MEDIUM,48,70,2.94,9.54
elderly health service,LOW,12,70,1.79,10.98
overnight elderly care near me,MEDIUM,58,70,2.47,8.06
respite care for elderly near me,HIGH,67,70,3.1,12.3
respite care for elderly with dementia,MEDIUM,59,70,5.48,12.91
caring for elderly parents near me,LOW,12,70,3.3,7.9
caring for bedridden elderly at home,HIGH,95,70,1.25,6.05
home care for elderly with dementia,LOW,26,70,2.5,13.4
senior care givers,MEDIUM,56,70,4.66,13.55
assisted senior care near me,LOW,20,70,6.09,26.56
elder healthcare services,LOW,20,70,2.5,6.98
senior care websites,MEDIUM,60,70,1.92,4.67
elderly caregivers near me,MEDIUM,63,70,2.65,9.1
caring for your parents,LOW,15,70,1.55,5.38
gilchrist elder medical care,LOW,28,70,1.82,6.32
in home medical care for seniors,MEDIUM,57,70,3.42,11.81
tlc senior care,LOW,20,70,2.37,9.25
senior care helpers,MEDIUM,61,70,4.27,12.78
private senior homes,LOW,24,70,3.04,14.47
senior care home health,LOW,29,70,2.75,8.14
elderly parent living with you,LOW,17,70,0.3,12.49
cost for elderly sitter,MEDIUM,47,70,1.54,4.44
eldercare near me,MEDIUM,35,70,2.45,10.0
caregivers for elderly at home,MEDIUM,65,70,3.78,10.0
help caring for elderly parents,HIGH,69,70,2.44,7.55
hospice for elderly,MEDIUM,37,70,1.82,6.44
senior care in home near me,HIGH,69,70,3.45,10.56
home care options for seniors,MEDIUM,58,70,4.51,12.73
elderly nursing homes near me,MEDIUM,57,70,3.1,12.19
elderly people home,MEDIUM,41,70,3.16,11.04
elderly respite care near me,MEDIUM,59,70,3.72,15.11
best elder home care,LOW,20,70,3.13,8.32
elder care at home near me,MEDIUM,62,70,5.0,13.95
senior citizen caregiver,MEDIUM,53,70,3.37,9.02
elder care services inc,LOW,23,70,1.1,7.55
medical for elderly,LOW,23,70,0.97,5.1
aarp elder care,MEDIUM,49,70,1.05,8.0
helping hands elderly care,LOW,20,70,1.61,5.18
old people services,MEDIUM,40,70,2.89,9.26
live in home care for elderly,MEDIUM,39,70,2.92,13.57
senior living care near me,MEDIUM,48,70,5.06,14.69
fazio's elder care,LOW,7,70,,
elderly care givers,MEDIUM,55,70,5.39,13.13
elderly assisted living near me,MEDIUM,34,70,5.72,15.41
average cost of elderly care,LOW,12,70,1.51,5.28
senior care concierge,LOW,25,70,2.15,7.74
home care for the aged,MEDIUM,40,70,4.4,11.62
elderly bathing service near me,MEDIUM,54,70,2.47,6.9
homemaker services for seniors,MEDIUM,44,70,2.36,8.88
old age care at home,MEDIUM,46,50,3.03,8.91
overnight home care for the elderly,MEDIUM,54,50,2.14,9.39
taking care of parents in old age,LOW,20,50,1.95,6.16
help with elderly parent at home,HIGH,76,50,2.19,8.93
taking care of an elderly parent in your home,LOW,18,50,1.72,4.29
senior citizen home care services,MEDIUM,40,50,3.02,8.4
senior home care options,LOW,13,50,4.46,12.95
elderly in nursing homes,LOW,15,50,3.1,9.33
honor elderly care,LOW,14,50,2.14,10.0
home help for seniors near me,MEDIUM,67,50,2.79,9.0
senior companion care near me,MEDIUM,48,50,3.01,9.08
living with aging parents,LOW,27,50,1.58,5.79
fingernail care for elderly,HIGH,100,50,0.49,3.42
valley family and elder care,LOW,11,50,3.18,8.7
night care for elderly,HIGH,69,50,2.86,7.73
minerva eldercare,LOW,16,50,2.5,8.19
average cost for in home senior care,MEDIUM,47,50,1.68,3.8
elderly at home,MEDIUM,36,50,1.3,6.48
senior home care providers,LOW,17,50,4.2,11.95
help for caregivers of elderly parents,HIGH,68,50,2.18,7.02
emics elder care,LOW,11,50,1.07,5.73
taking care of your elderly parents,MEDIUM,60,50,1.54,4.39
senior home care companies,LOW,10,50,3.11,9.53
home health for seniors,MEDIUM,40,50,2.49,6.08
in house elderly care,LOW,29,50,4.7,10.0
aging parents and elder care,MEDIUM,61,50,1.95,8.53
paleo care for elderly,MEDIUM,50,50,1.77,8.1
ridgeview elder care,LOW,5,50,2.55,8.3
senior home cost,MEDIUM,34,50,1.54,4.7
senior live in care,LOW,14,50,,
in home senior day care,MEDIUM,36,50,2.97,8.37
caregivers for seniors near me,MEDIUM,65,50,3.04,8.77
eldercare services near me,MEDIUM,60,50,2.93,9.21
luxury elderly home,MEDIUM,52,50,0.96,4.8
elder care websites,MEDIUM,49,50,2.73,6.58
taking care of elderly at home,MEDIUM,51,50,2.38,8.93
best senior home care,LOW,7,50,3.77,11.91
best in home care for seniors,MEDIUM,61,50,3.85,10.0
geriatric day care,LOW,19,50,1.51,7.28
senior home living near me,MEDIUM,47,50,3.72,14.39
actell elderly care,LOW,10,50,,
companion for elderly near me,MEDIUM,48,50,2.41,8.1
find senior caregivers,MEDIUM,61,50,6.22,15.33
elderly living at home,LOW,19,50,1.97,5.65
senior home care agencies near me,MEDIUM,46,50,3.84,13.4
whole heart elder care,LOW,3,50,1.25,2.04
elderly care house,MEDIUM,46,50,4.56,11.78
care senior care,LOW,23,50,2.51,9.31
old people home care,LOW,31,50,3.0,9.5
peninsula elderly care home,LOW,12,50,4.16,15.11
caregiver for elderly near me,MEDIUM,41,50,3.78,8.94
overnight sitter for elderly,MEDIUM,60,50,2.0,8.01
homemaker services for the elderly,MEDIUM,51,50,3.11,9.0
help for elderly with dementia,HIGH,100,50,2.91,10.18
home elderly,LOW,16,50,3.23,11.27
help for seniors to stay in their home,MEDIUM,63,40,2.57,9.71
samarth elder care,LOW,28,40,2.78,8.1
home based care for elderly,HIGH,100,40,,
primary caregiver for elderly parents,LOW,24,40,,
private companion for elderly near me,MEDIUM,59,40,1.76,8.0
geriatric care services,MEDIUM,48,40,3.38,7.9
best elderly care in the world,MEDIUM,36,40,1.62,5.99
cost of overnight care for elderly,MEDIUM,48,40,1.34,4.08
elderly home care services near me,MEDIUM,51,40,3.54,11.84
eldercare inc,LOW,15,40,2.06,5.51
kupuna care connection,LOW,6,40,,
homestead elderly care,MEDIUM,41,40,2.35,8.79
taking care of seniors,MEDIUM,51,40,2.49,7.85
palliative care for elderly at home,MEDIUM,38,40,2.4,9.85
all senior care,LOW,18,40,2.46,11.75
options for elderly parents,MEDIUM,40,40,1.94,8.93
senior care for dementia patients,MEDIUM,39,40,5.15,12.62
elderhealth,LOW,6,40,,
caring for your elderly parents,LOW,30,40,1.2,5.3
home care for the elderly near me,MEDIUM,56,40,4.54,12.21
home elderly care services,MEDIUM,52,40,5.51,14.32
emergency senior care,MEDIUM,62,40,2.57,8.39
elderly care monitoring,HIGH,100,40,2.64,5.44
home care help for seniors,HIGH,69,40,3.3,6.09
senior hospice care,LOW,13,40,1.27,20.0
assistance for elderly living at home,HIGH,68,40,3.34,9.65
elderly place,LOW,25,40,3.26,8.59
best senior care services,MEDIUM,51,40,4.77,11.02
senior citizen home health care,MEDIUM,34,40,3.37,11.48
living at home senior care,LOW,7,40,3.4,14.06
senior citizen day care near me,MEDIUM,47,40,1.34,6.12
companions for seniors at home,LOW,13,40,3.47,9.6
senior care companies near me,MEDIUM,48,40,4.76,14.05
sitter services for elderly near me,MEDIUM,62,40,2.27,7.43
senior sitter services near me,MEDIUM,52,40,2.38,8.84
senior in home care agencies,LOW,1,40,,
elder options inc,LOW,4,40,,
eldercare navigators,LOW,12,40,,
residential homes for seniors,LOW,27,40,3.52,12.13
lakeside senior care,LOW,3,40,,
senior home health care inc,LOW,17,40,2.06,9.17
caregivers seniors,LOW,25,40,3.74,10.94
peace of mind senior care,LOW,9,40,2.55,8.83
weekend care for elderly,MEDIUM,58,40,2.5,9.04
urban eldercare,LOW,26,40,3.18,10.04
homes for elderly care,MEDIUM,50,40,3.64,12.19
private homes for the elderly,MEDIUM,56,40,2.87,17.48
elderly places near me,LOW,18,40,4.09,9.87
home care options for elderly,MEDIUM,40,40,3.63,9.83
living options for elderly,LOW,26,40,2.57,11.06
care of the older person,MEDIUM,48,30,2.99,10.0
old care home,LOW,25,30,3.45,13.81
private elderly caregiver needed,MEDIUM,56,30,1.54,5.23
keeping the elderly in their own homes,LOW,31,30,,
respite for elderly,HIGH,67,30,2.52,9.51
emergency home care for the elderly,MEDIUM,63,30,3.55,9.44
old people care home,LOW,25,30,2.9,11.78
primary caretaker of elderly,LOW,14,30,1.68,8.05
occupational therapy for elderly at home,LOW,24,30,2.11,12.0
elderly people care,MEDIUM,40,30,2.85,10.0
senior citizen health care,MEDIUM,40,30,3.59,10.03
day care for older adults,MEDIUM,45,30,1.67,6.1
nursing home for elderly near me,MEDIUM,46,30,5.51,26.92
in home eldercare,MEDIUM,50,30,6.03,13.71
caregiver services for elderly,MEDIUM,51,30,3.17,9.28
